<?xml version="1.0" encoding="UTF-8"?>
<sedML xmlns="http://sed-ml.org/" xmlns:math="http://www.w3.org/1998/Math/MathML" version="1" level="1">
  <listOfSimulations>
    <uniformTimeCourse id="simulation1" name="Basic time series" initialTime="0.0" outputStartTime="0.0" outputEndTime="1000.0" numberOfPoints="1000">
      <annotation>
        <sbsi-editor xmlns="http://www.sedml.sbsi.editor/level1">
          <location x="344" y="357" />
          <size width="80" height="45" />
        </sbsi-editor>
      </annotation>
      <algorithm kisaoID="KISAO:0000087" />
    </uniformTimeCourse>
  </listOfSimulations>
  <listOfModels>
    <model id="model1" name="Circadian Oscillations" language="urn:sedml:language:sbml" source="urn:miriam:biomodels.db:BIOMD0000000021">
      <annotation>
        <sbsi-editor xmlns="http://www.sedml.sbsi.editor/level1">
          <location x="530" y="279" />
          <size width="188" height="71" />
        </sbsi-editor>
      </annotation>
    </model>
    <model id="model2" name="Circadian Chaos" language="urn:sedml:language:sbml.level-2.version-2" source="model1">
      <annotation>
        <sbsi-editor xmlns="http://www.sedml.sbsi.editor/level1">
          <location x="141" y="471" />
          <size width="145" height="68" />
        </sbsi-editor>
      </annotation>
      <listOfChanges>
        <changeAttribute newValue="0.28" target="/sbml:sbml/sbml:model/sbml:listOfParameters/sbml:parameter[@id='V_mT']/@value">
          <annotation>
            <sbsi-editor xmlns="http://www.sedml.sbsi.editor/level1">
              <location x="401" y="502" />
              <size width="80" height="45" />
            </sbsi-editor>
          </annotation>
        </changeAttribute>
        <changeAttribute newValue="4.8" target="/sbml:sbml/sbml:model/sbml:listOfParameters/sbml:parameter[@id='V_dT']/@value">
          <annotation>
            <sbsi-editor xmlns="http://www.sedml.sbsi.editor/level1">
              <location x="15" y="523" />
              <size width="80" height="45" />
            </sbsi-editor>
          </annotation>
        </changeAttribute>
      </listOfChanges>
    </model>
  </listOfModels>
  <listOfTasks>
    <task id="task1" name="Baseline" modelReference="model1" simulationReference="simulation1">
      <annotation>
        <sbsi-editor xmlns="http://www.sedml.sbsi.editor/level1">
          <location x="444" y="209" />
          <size width="80" height="45" />
        </sbsi-editor>
      </annotation>
    </task>
    <task id="task2" name="Modified parameters" modelReference="model2" simulationReference="simulation1">
      <annotation>
        <sbsi-editor xmlns="http://www.sedml.sbsi.editor/level1">
          <location x="175" y="342" />
          <size width="80" height="45" />
        </sbsi-editor>
      </annotation>
    </task>
  </listOfTasks>
  <listOfDataGenerators>
    <dataGenerator id="timeDG" name="Time">
      <annotation>
        <sbsi-editor xmlns="http://www.sedml.sbsi.editor/level1">
          <location x="191" y="116" />
          <size width="80" height="45" />
        </sbsi-editor>
      </annotation>
      <listOfVariables>
        <variable id="time" name="time" taskReference="task1" symbol="urn:sedml:symbol:time">
          <annotation>
            <sbsi-editor xmlns="http://www.sedml.sbsi.editor/level1">
              <location x="290" y="179" />
              <size width="80" height="45" />
            </sbsi-editor>
          </annotation>
        </variable>
      </listOfVariables>
      <math:math>
        <math:apply>
          <math:plus />
          <math:ci>time</math:ci>
        </math:apply>
      </math:math>
    </dataGenerator>
    <dataGenerator id="tim1" name="tim mRNA (total)">
      <annotation>
        <sbsi-editor xmlns="http://www.sedml.sbsi.editor/level1">
          <location x="520" y="24" />
          <size width="80" height="45" />
        </sbsi-editor>
      </annotation>
      <listOfVariables>
        <variable id="v1" taskReference="task1" target="/sbml:sbml/sbml:model/sbml:listOfSpecies/sbml:species[@id='Mt']">
          <annotation>
            <sbsi-editor xmlns="http://www.sedml.sbsi.editor/level1">
              <location x="520" y="129" />
              <size width="80" height="45" />
            </sbsi-editor>
          </annotation>
        </variable>
      </listOfVariables>
      <math:math>
        <math:ci>v1</math:ci>
      </math:math>
    </dataGenerator>
    <dataGenerator id="tim2" name="tim mRNA (changed parameters)">
      <annotation>
        <sbsi-editor xmlns="http://www.sedml.sbsi.editor/level1">
          <location x="-41" y="179" />
          <size width="231" height="60" />
        </sbsi-editor>
      </annotation>
      <listOfVariables>
        <variable id="v2" taskReference="task2" target="/sbml:sbml/sbml:model/sbml:listOfSpecies/sbml:species[@id='Mt']">
          <annotation>
            <sbsi-editor xmlns="http://www.sedml.sbsi.editor/level1">
              <location x="15" y="326" />
              <size width="80" height="45" />
            </sbsi-editor>
          </annotation>
        </variable>
      </listOfVariables>
      <math:math>
        <math:ci>v2</math:ci>
      </math:math>
    </dataGenerator>
  </listOfDataGenerators>
  <listOfOutputs>
    <plot2D id="plot1" name="tim mRNA with Oscillation and Chaos">
      <annotation>
        <sbsi-editor xmlns="http://www.sedml.sbsi.editor/level1">
          <location x="134" y="11" />
          <size width="80" height="45" />
        </sbsi-editor>
      </annotation>
      <listOfCurves>
        <curve id="c1" logX="false" logY="false" xDataReference="timeDG" yDataReference="tim1">
          <annotation>
            <sbsi-editor xmlns="http://www.sedml.sbsi.editor/level1">
              <location x="271" y="37" />
              <size width="80" height="45" />
            </sbsi-editor>
          </annotation>
        </curve>
        <curve id="c2" logX="false" logY="false" xDataReference="timeDG" yDataReference="tim2">
          <annotation>
            <sbsi-editor xmlns="http://www.sedml.sbsi.editor/level1">
              <location x="38" y="87" />
              <size width="80" height="45" />
            </sbsi-editor>
          </annotation>
        </curve>
      </listOfCurves>
    </plot2D>
  </listOfOutputs>
</sedML>

