<?xml version="1.0" encoding="UTF-8"?>
<sedML xmlns="http://sed-ml.org/" xmlns:math="http://www.w3.org/1998/Math/MathML" version="1" level="1">
  <listOfSimulations>
    <uniformTimeCourse id="sim1" name="Simulation 1" initialTime="0.0" outputStartTime="0.0" outputEndTime="10.0" numberOfPoints="100">
      <annotation>
        <sbsi-editor xmlns="http://www.sedml.sbsi.editor/level1">
          <location y="202" x="10" />
          <size height="45" width="80" />
        </sbsi-editor>
      </annotation>
      <algorithm kisaoID="KISAO:0000033" />
    </uniformTimeCourse>
  </listOfSimulations>
  <listOfModels>
    <model id="abc_1__1j1__2_3e_4_i_1290622067691" name="" 
    language="urn:sedml:language:sbml.level-2.version-2" source="files/sedmlTest/abc_1.xml">
      <annotation>
        <sbsi-editor xmlns="http://www.sedml.sbsi.editor/level1">
          <location y="404" x="23" />
          <size height="45" width="80" />
        </sbsi-editor>
      </annotation>
    </model>
  </listOfModels>
  <listOfTasks>
    <task id="task1" name="default Task" modelReference="abc_1__1j1__2_3e_4_i_1290622067691" simulationReference="sim1">
      <annotation>
        <sbsi-editor xmlns="http://www.sedml.sbsi.editor/level1">
          <location y="267" x="119" />
          <size height="45" width="80" />
        </sbsi-editor>
      </annotation>
    </task>
  </listOfTasks>
  <listOfDataGenerators>
    <dataGenerator id="A_dg" name="A_dg">
      <annotation>
        <sbsi-editor xmlns="http://www.sedml.sbsi.editor/level1">
          <location y="25" x="206" />
          <size height="45" width="80" />
        </sbsi-editor>
      </annotation>
      <listOfVariables>
        <variable id="A" name="A" taskReference="task1" target="/sbml:sbml/sbml:model/sbml:listOfSpecies/sbml:species[@id='A']">
          <annotation>
            <sbsi-editor xmlns="http://www.sedml.sbsi.editor/level1">
              <location y="105" x="85" />
              <size height="45" width="80" />
            </sbsi-editor>
          </annotation>
        </variable>
      </listOfVariables>
      <math:math>
        <math:ci>A</math:ci>
      </math:math>
    </dataGenerator>
    <dataGenerator id="B_dg" name="B_dg">
      <annotation>
        <sbsi-editor xmlns="http://www.sedml.sbsi.editor/level1">
          <location y="29" x="328" />
          <size height="45" width="80" />
        </sbsi-editor>
      </annotation>
      <listOfVariables>
        <variable id="B" name="B" taskReference="task1" target="/sbml:sbml/sbml:model/sbml:listOfSpecies/sbml:species[@id='B']">
          <annotation>
            <sbsi-editor xmlns="http://www.sedml.sbsi.editor/level1">
              <location y="125" x="201" />
              <size height="45" width="80" />
            </sbsi-editor>
          </annotation>
        </variable>
      </listOfVariables>
      <math:math>
        <math:ci>B</math:ci>
      </math:math>
    </dataGenerator>
    <dataGenerator id="C_dg" name="C_dg">
      <annotation>
        <sbsi-editor xmlns="http://www.sedml.sbsi.editor/level1">
          <location y="478" x="409" />
          <size height="45" width="80" />
        </sbsi-editor>
      </annotation>
      <listOfVariables>
        <variable id="C" name="C" taskReference="task1" target="/sbml:sbml/sbml:model/sbml:listOfSpecies/sbml:species[@id='C']">
          <annotation>
            <sbsi-editor xmlns="http://www.sedml.sbsi.editor/level1">
              <location y="446" x="234" />
              <size height="45" width="80" />
            </sbsi-editor>
          </annotation>
        </variable>
      </listOfVariables>
      <math:math>
        <math:ci>C</math:ci>
      </math:math>
    </dataGenerator>
    <dataGenerator id="k1_dg" name="k1_dg">
      <listOfVariables>
        <variable id="k1" name="k1" taskReference="task1" target="/sbml:sbml/sbml:model/sbml:listOfParameters/sbml:parameter[@id='k1']">
        </variable>
      </listOfVariables>
      <math:math>
        <math:ci>k1</math:ci>
      </math:math>
    </dataGenerator>
    <dataGenerator id="Time_dg" name="depVarId">
      <annotation>
        <sbsi-editor xmlns="http://www.sedml.sbsi.editor/level1">
          <location y="209" x="435" />
          <size height="45" width="80" />
        </sbsi-editor>
      </annotation>
      <listOfVariables>
        <variable id="Time" name="Time" taskReference="task1" symbol="urn:sedml:symbol:time">
          <annotation>
            <sbsi-editor xmlns="http://www.sedml.sbsi.editor/level1">
              <location y="287" x="281" />
              <size height="45" width="80" />
            </sbsi-editor>
          </annotation>
        </variable>
      </listOfVariables>
      <math:math>
        <math:ci>Time</math:ci>
      </math:math>
    </dataGenerator>
  </listOfDataGenerators>
  <listOfOutputs>
    <plot2D id="plotID" name="Plot 1">
      <annotation>
        <sbsi-editor xmlns="http://www.sedml.sbsi.editor/level1">
          <location y="155" x="495" />
          <size height="45" width="80" />
        </sbsi-editor>
      </annotation>
      <listOfCurves>
        <curve id="Curve0" name="curve" logX="false" logY="false" xDataReference="Time_dg" yDataReference="A_dg">
          <annotation>
            <sbsi-editor xmlns="http://www.sedml.sbsi.editor/level1">
              <location y="82" x="383" />
              <size height="45" width="80" />
            </sbsi-editor>
          </annotation>
        </curve>
        <curve id="Curve1" name="curve" logX="false" logY="false" xDataReference="Time_dg" yDataReference="B_dg">
          <annotation>
            <sbsi-editor xmlns="http://www.sedml.sbsi.editor/level1">
              <location y="51" x="488" />
              <size height="45" width="80" />
            </sbsi-editor>
          </annotation>
        </curve>
        <curve id="Curve2" name="curve" logX="false" logY="false" xDataReference="Time_dg" yDataReference="C_dg">
          <annotation>
            <sbsi-editor xmlns="http://www.sedml.sbsi.editor/level1">
              <location y="330" x="508" />
              <size height="45" width="80" />
            </sbsi-editor>
          </annotation>
        </curve>
         <curve id="Curve3" name="curve" logX="false" logY="false" xDataReference="Time_dg" yDataReference="k1_dg">
        </curve>
      </listOfCurves>
    </plot2D>
  </listOfOutputs>
</sedML>

